ID,TICKET_ID,CREATED_AT,UPDATED_AT,GROUP_STATIONS,ASSIGNEE_STATIONS,REOPENS,REPLIES,ASSIGNEE_UPDATED_AT,REQUESTER_UPDATED_AT,STATUS_UPDATED_AT,INITIALLY_ASSIGNED_AT,ASSIGNED_AT,SOLVED_AT,LATEST_COMMENT_ADDED_AT,REPLY_TIME_IN_MINUTES,FIRST_RESOLUTION_TIME_IN_MINUTES,FULL_RESOLUTION_TIME_IN_MINUTES,AGENT_WAIT_TIME_IN_MINUTES,REQUESTER_WAIT_TIME_IN_MINUTES,ON_HOLD_TIME_IN_MINUTES,__HEVO__INGESTED_AT,__HEVO__LOADED_AT,REPLY_TIME_IN_SECONDS,
19800368876567,7418552,2023-12-13 7:58:46,2023-12-13 7:58:47,1,1,0,0,,2023-12-13 7:58:46,2023-12-13 7:58:47,2023-12-13 7:58:47,2023-12-13 7:58:47,,2023-12-13 7:58:46,"{
  ""business"": null,
  ""calendar"": null
}","{
  ""business"": null,
  ""calendar"": null
}","{
  ""business"": null,
  ""calendar"": null
}","{
  ""business"": null,
  ""calendar"": null
}","{
  ""business"": 0,
  ""calendar"": 0
}","{
  ""business"": 0,
  ""calendar"": 0
}",1702454345250,1702456305664,, 
19800368074775,7418550,2023-12-13 7:58:19,2023-12-13 7:58:45,1,1,0,0,,2023-12-13 7:58:19,2023-12-13 7:58:45,2023-12-13 7:58:45,2023-12-13 7:58:45,,2023-12-13 7:58:19,"{
  ""business"": null,
  ""calendar"": null
}","{
  ""business"": null,
  ""calendar"": null
}","{
  ""business"": null,
  ""calendar"": null
}","{
  ""business"": null,
  ""calendar"": null
}","{
  ""business"": 0,
  ""calendar"": 0
}","{
  ""business"": 0,
  ""calendar"": 0
}",1702454345251,1702456305664,,
19800376455447,7418549,2023-12-13 7:58:15,2023-12-13 7:58:39,1,1,0,0,,2023-12-13 7:58:16,2023-12-13 7:58:39,2023-12-13 7:58:15,2023-12-13 7:58:15,2023-12-13 7:58:39,2023-12-13 7:58:39,"{
  ""business"": null,
  ""calendar"": null
}","{
  ""business"": 0,
  ""calendar"": 0
}","{
  ""business"": 0,
  ""calendar"": 0
}","{
  ""business"": 0,
  ""calendar"": 0
}","{
  ""business"": 0,
  ""calendar"": 0
}","{
  ""business"": 0,
  ""calendar"": 0
}",1702454345247,1702456305664,,
19800376295063,7418548,2023-12-13 7:58:09,2023-12-13 7:58:26,1,1,0,0,,2023-12-13 7:58:09,2023-12-13 7:58:25,2023-12-13 7:58:25,2023-12-13 7:58:25,,2023-12-13 7:58:09,"{
  ""business"": null,
  ""calendar"": null
}","{
  ""business"": null,
  ""calendar"": null
}","{
  ""business"": null,
  ""calendar"": null
}","{
  ""business"": null,
  ""calendar"": null
}","{
  ""business"": 0,
  ""calendar"": 0
}","{
  ""business"": 0,
  ""calendar"": 0
}",1702454345248,1702456305664,,
19800383196183,7418547,2023-12-13 7:58:06,2023-12-13 7:58:06,1,0,0,0,,2023-12-13 7:58:06,2023-12-13 7:58:06,,,,2023-12-13 7:58:06,"{
  ""business"": null,
  ""calendar"": null
}","{
  ""business"": null,
  ""calendar"": null
}","{
  ""business"": null,
  ""calendar"": null
}","{
  ""business"": null,
  ""calendar"": null
}","{
  ""business"": null,
  ""calendar"": null
}","{
  ""business"": 0,
  ""calendar"": 0
}",1702454345245,1702456305664,,
19800389890711,7418546,2023-12-13 7:57:39,2023-12-13 7:57:59,1,1,0,0,,2023-12-13 7:57:39,2023-12-13 7:57:59,2023-12-13 7:57:59,2023-12-13 7:57:59,,2023-12-13 7:57:39,"{
  ""business"": null,
  ""calendar"": null
}","{
  ""business"": null,
  ""calendar"": null
}","{
  ""business"": null,
  ""calendar"": null
}","{
  ""business"": null,
  ""calendar"": null
}","{
  ""business"": 0,
  ""calendar"": 0
}","{
  ""business"": 0,
  ""calendar"": 0
}",1702454345243,1702456305664,,
19800375372567,7418545,2023-12-13 7:57:35,2023-12-13 7:57:35,0,0,0,0,,2023-12-13 7:57:35,2023-12-13 7:57:35,,,,2023-12-13 7:57:35,"{
  ""business"": null,
  ""calendar"": null
}","{
  ""business"": null,
  ""calendar"": null
}","{
  ""business"": null,
  ""calendar"": null
}","{
  ""business"": null,
  ""calendar"": null
}","{
  ""business"": null,
  ""calendar"": null
}","{
  ""business"": 0,
  ""calendar"": 0
}",1702454345248,1702456305664,,
19800365865367,7418543,2023-12-13 7:56:59,2023-12-13 7:57:46,1,1,0,0,,2023-12-13 7:56:59,2023-12-13 7:57:46,2023-12-13 7:57:46,2023-12-13 7:57:46,,2023-12-13 7:56:59,"{
  ""business"": null,
  ""calendar"": null
}","{
  ""business"": null,
  ""calendar"": null
}","{
  ""business"": null,
  ""calendar"": null
}","{
  ""business"": null,
  ""calendar"": null
}","{
  ""business"": 1,
  ""calendar"": 1
}","{
  ""business"": 0,
  ""calendar"": 0
}",1702454345252,1702456305664,,
19800374133655,7418542,2023-12-13 7:56:50,2023-12-13 7:58:55,1,1,0,0,2023-12-13 7:58:54,2023-12-13 7:56:49,2023-12-13 7:58:54,2023-12-13 7:57:01,2023-12-13 7:57:01,2023-12-13 7:58:54,2023-12-13 7:58:54,"{
  ""business"": null,
  ""calendar"": null
}","{
  ""business"": 2,
  ""calendar"": 2
}","{
  ""business"": 2,
  ""calendar"": 2
}","{
  ""business"": 0,
  ""calendar"": 0
}","{
  ""business"": 2,
  ""calendar"": 2
}","{
  ""business"": 0,
  ""calendar"": 0
}",1702454345249,1702456305664,,
19800413251479,7418541,2023-12-13 7:56:46,2023-12-13 7:58:49,1,1,0,0,,2023-12-13 7:56:46,2023-12-13 7:58:49,2023-12-13 7:58:49,2023-12-13 7:58:49,,2023-12-13 7:56:46,"{
  ""business"": null,
  ""calendar"": null
}","{
  ""business"": null,
  ""calendar"": null
}","{
  ""business"": null,
  ""calendar"": null
}","{
  ""business"": null,
  ""calendar"": null
}","{
  ""business"": 2,
  ""calendar"": 2
}","{
  ""business"": 0,
  ""calendar"": 0
}",1702454345234,1702456305664,,
19800412086423,7418540,2023-12-13 7:56:08,2023-12-13 7:56:08,1,1,0,0,2023-12-13 7:56:08,2023-12-13 7:56:08,2023-12-13 7:56:08,2023-12-13 7:56:08,2023-12-13 7:56:08,,2023-12-13 7:56:08,"{
  ""business"": null,
  ""calendar"": null
}","{
  ""business"": null,
  ""calendar"": null
}","{
  ""business"": null,
  ""calendar"": null
}","{
  ""business"": null,
  ""calendar"": null
}","{
  ""business"": null,
  ""calendar"": null
}","{
  ""business"": 0,
  ""calendar"": 0
}",1702454345239,1702456305664,,
19800387160087,7418539,2023-12-13 7:56:08,2023-12-13 7:56:08,1,0,0,0,,2023-12-13 7:56:07,2023-12-13 7:56:07,,,,2023-12-13 7:56:07,"{
  ""business"": null,
  ""calendar"": null
}","{
  ""business"": null,
  ""calendar"": null
}","{
  ""business"": null,
  ""calendar"": null
}","{
  ""business"": null,
  ""calendar"": null
}","{
  ""business"": null,
  ""calendar"": null
}","{
  ""business"": 0,
  ""calendar"": 0
}",1702454345244,1702456305664,,
19800363759511,7418538,2023-12-13 7:55:51,2023-12-13 7:55:51,1,0,0,0,,2023-12-13 7:55:51,2023-12-13 7:55:51,,,,2023-12-13 7:55:51,"{
  ""business"": null,
  ""calendar"": null
}","{
  ""business"": null,
  ""calendar"": null
}","{
  ""business"": null,
  ""calendar"": null
}","{
  ""business"": null,
  ""calendar"": null
}","{
  ""business"": null,
  ""calendar"": null
}","{
  ""business"": 0,
  ""calendar"": 0
}",1702454345253,1702456305664,,
19800378561047,7418537,2023-12-13 7:55:21,2023-12-13 7:58:45,1,1,0,1,2023-12-13 7:58:44,2023-12-13 7:55:21,2023-12-13 7:58:44,2023-12-13 7:55:25,2023-12-13 7:55:25,2023-12-13 7:58:44,2023-12-13 7:58:44,"{
  ""business"": 3,
  ""calendar"": 3
}","{
  ""business"": 3,
  ""calendar"": 3
}","{
  ""business"": 3,
  ""calendar"": 3
}","{
  ""business"": 0,
  ""calendar"": 0
}","{
  ""business"": 3,
  ""calendar"": 3
}","{
  ""business"": 0,
  ""calendar"": 0
}",1702454345246,1702456305664,,
19800342701463,7418536,2023-12-13 7:54:49,2023-12-13 7:54:49,1,0,0,0,,2023-12-13 7:54:49,2023-12-13 7:54:49,,,,2023-12-13 7:54:49,"{
  ""business"": null,
  ""calendar"": null
}","{
  ""business"": null,
  ""calendar"": null
}","{
  ""business"": null,
  ""calendar"": null
}","{
  ""business"": null,
  ""calendar"": null
}","{
  ""business"": null,
  ""calendar"": null
}","{
  ""business"": 0,
  ""calendar"": 0
}",1702454345258,1702456305664,,
19800341514903,7418535,2023-12-13 7:54:14,2023-12-13 7:54:14,1,0,0,0,,2023-12-13 7:54:14,2023-12-13 7:54:14,,,,2023-12-13 7:54:14,"{
  ""business"": null,
  ""calendar"": null
}","{
  ""business"": null,
  ""calendar"": null
}","{
  ""business"": null,
  ""calendar"": null
}","{
  ""business"": null,
  ""calendar"": null
}","{
  ""business"": null,
  ""calendar"": null
}","{
  ""business"": 0,
  ""calendar"": 0
}",1702454345259,1702456305664,,
19800360117271,7418534,2023-12-13 7:53:51,2023-12-13 7:54:56,1,1,0,0,,2023-12-13 7:53:50,2023-12-13 7:54:56,2023-12-13 7:54:56,2023-12-13 7:54:56,,2023-12-13 7:53:50,"{
  ""business"": null,
  ""calendar"": null
}","{
  ""business"": null,
  ""calendar"": null
}","{
  ""business"": null,
  ""calendar"": null
}","{
  ""business"": null,
  ""calendar"": null
}","{
  ""business"": 1,
  ""calendar"": 1
}","{
  ""business"": 0,
  ""calendar"": 0
}",1702454345254,1702456305664,,
19800398835351,7418533,2023-12-13 7:53:34,2023-12-13 7:53:58,1,1,0,0,,2023-12-13 7:53:34,2023-12-13 7:53:58,2023-12-13 7:53:58,2023-12-13 7:53:58,2023-12-13 7:53:58,2023-12-13 7:53:58,"{
  ""business"": null,
  ""calendar"": null
}","{
  ""business"": 0,
  ""calendar"": 0
}","{
  ""business"": 0,
  ""calendar"": 0
}","{
  ""business"": 0,
  ""calendar"": 0
}","{
  ""business"": 0,
  ""calendar"": 0
}","{
  ""business"": 0,
  ""calendar"": 0
}",1702454345240,1702456305664,,
19800359612055,7418532,2023-12-13 7:53:32,2023-12-13 7:56:29,1,1,0,1,2023-12-13 7:56:34,2023-12-13 7:53:31,2023-12-13 7:56:29,2023-12-13 7:54:23,2023-12-13 7:54:23,2023-12-13 7:56:29,2023-12-13 7:56:34,"{
  ""business"": 3,
  ""calendar"": 3
}","{
  ""business"": 3,
  ""calendar"": 3
}","{
  ""business"": 3,
  ""calendar"": 3
}","{
  ""business"": 0,
  ""calendar"": 0
}","{
  ""business"": 3,
  ""calendar"": 3
}","{
  ""business"": 0,
  ""calendar"": 0
}",1702454345255,1702456305664,,
19800340341271,7418531,2023-12-13 7:53:30,2023-12-13 7:58:44,1,1,0,1,2023-12-13 7:58:44,2023-12-13 7:53:30,2023-12-13 7:58:44,2023-12-13 7:54:20,2023-12-13 7:54:20,2023-12-13 7:58:44,2023-12-13 7:58:44,"{
  ""business"": 5,
  ""calendar"": 5
}","{
  ""business"": 5,
  ""calendar"": 5
}","{
  ""business"": 5,
  ""calendar"": 5
}","{
  ""business"": 0,
  ""calendar"": 0
}","{
  ""business"": 5,
  ""calendar"": 5
}","{
  ""business"": 0,
  ""calendar"": 0
}",1702454345260,1702456305664,,
19800398656919,7418530,2023-12-13 7:53:29,2023-12-13 7:54:18,1,1,0,0,,2023-12-13 7:53:29,2023-12-13 7:54:17,2023-12-13 7:54:17,2023-12-13 7:54:17,,2023-12-13 7:53:29,"{
  ""business"": null,
  ""calendar"": null
}","{
  ""business"": null,
  ""calendar"": null
}","{
  ""business"": null,
  ""calendar"": null
}","{
  ""business"": null,
  ""calendar"": null
}","{
  ""business"": 1,
  ""calendar"": 1
}","{
  ""business"": 0,
  ""calendar"": 0
}",1702454345241,1702456305664,,
19800397956119,7418529,2023-12-13 7:53:05,2023-12-13 7:53:05,1,1,0,0,2023-12-13 7:53:05,2023-12-13 7:53:05,2023-12-13 7:53:05,2023-12-13 7:53:05,2023-12-13 7:53:05,2023-12-13 7:53:05,2023-12-13 7:53:05,"{
  ""business"": null,
  ""calendar"": null
}","{
  ""business"": 0,
  ""calendar"": 0
}","{
  ""business"": 0,
  ""calendar"": 0
}","{
  ""business"": 0,
  ""calendar"": 0
}","{
  ""business"": 0,
  ""calendar"": 0
}","{
  ""business"": 0,
  ""calendar"": 0
}",1702454345242,1702456305664,,
19800358461591,7418528,2023-12-13 7:52:49,2023-12-13 7:52:49,1,0,0,0,,2023-12-13 7:52:49,2023-12-13 7:52:49,,,,2023-12-13 7:52:49,"{
  ""business"": null,
  ""calendar"": null
}","{
  ""business"": null,
  ""calendar"": null
}","{
  ""business"": null,
  ""calendar"": null
}","{
  ""business"": null,
  ""calendar"": null
}","{
  ""business"": null,
  ""calendar"": null
}","{
  ""business"": 0,
  ""calendar"": 0
}",1702454345256,1702456305664,,
19800336804759,7418527,2023-12-13 7:51:29,2023-12-13 7:51:29,1,1,0,0,2023-12-13 7:51:33,2023-12-13 7:51:28,2023-12-13 7:51:28,2023-12-13 7:51:28,2023-12-13 7:51:28,2023-12-13 7:51:28,2023-12-13 7:51:28,"{
  ""business"": null,
  ""calendar"": null
}","{
  ""business"": 0,
  ""calendar"": 0
}","{
  ""business"": 0,
  ""calendar"": 0
}","{
  ""business"": 0,
  ""calendar"": 0
}","{
  ""business"": 0,
  ""calendar"": 0
}","{
  ""business"": 0,
  ""calendar"": 0
}",1702454345261,1702456305664,,
19800321016599,7418526,2023-12-13 7:51:27,2023-12-13 7:51:27,1,1,0,0,2023-12-13 7:51:33,2023-12-13 7:51:27,2023-12-13 7:51:27,2023-12-13 7:51:27,2023-12-13 7:51:27,2023-12-13 7:51:27,2023-12-13 7:51:27,"{
  ""business"": null,
  ""calendar"": null
}","{
  ""business"": 0,
  ""calendar"": 0
}","{
  ""business"": 0,
  ""calendar"": 0
}","{
  ""business"": 0,
  ""calendar"": 0
}","{
  ""business"": 0,
  ""calendar"": 0
}","{
  ""business"": 0,
  ""calendar"": 0
}",1702454345263,1702456305664,,
19800320959767,7418525,2023-12-13 7:51:26,2023-12-13 7:51:26,1,1,0,0,2023-12-13 7:51:27,2023-12-13 7:51:26,2023-12-13 7:51:26,2023-12-13 7:51:26,2023-12-13 7:51:26,2023-12-13 7:51:26,2023-12-13 7:51:26,"{
  ""business"": null,
  ""calendar"": null
}","{
  ""business"": 0,
  ""calendar"": 0
}","{
  ""business"": 0,
  ""calendar"": 0
}","{
  ""business"": 0,
  ""calendar"": 0
}","{
  ""business"": 0,
  ""calendar"": 0
}","{
  ""business"": 0,
  ""calendar"": 0
}",1702454345264,1702456305664,,
19800297568663,7418524,2023-12-13 7:51:26,2023-12-13 7:57:24,1,1,0,0,2023-12-13 7:57:24,2023-12-13 7:51:26,2023-12-13 7:57:24,2023-12-13 7:57:24,2023-12-13 7:57:24,,2023-12-13 7:51:26,"{
  ""business"": null,
  ""calendar"": null
}","{
  ""business"": null,
  ""calendar"": null
}","{
  ""business"": null,
  ""calendar"": null
}","{
  ""business"": null,
  ""calendar"": null
}","{
  ""business"": 6,
  ""calendar"": 6
}","{
  ""business"": 0,
  ""calendar"": 0
}",1702454345267,1702456305664,,
19800355781911,7418523,2023-12-13 7:51:24,2023-12-13 7:51:24,1,0,0,0,,2023-12-13 7:51:24,2023-12-13 7:51:24,,,,2023-12-13 7:51:24,"{
  ""business"": null,
  ""calendar"": null
}","{
  ""business"": null,
  ""calendar"": null
}","{
  ""business"": null,
  ""calendar"": null
}","{
  ""business"": null,
  ""calendar"": null
}","{
  ""business"": null,
  ""calendar"": null
}","{
  ""business"": 0,
  ""calendar"": 0
}",1702454345257,1702456305664,,
19800297370519,7418522,2023-12-13 7:51:22,2023-12-13 7:51:22,1,0,0,0,,2023-12-13 7:51:22,2023-12-13 7:51:22,,,,2023-12-13 7:51:22,"{
  ""business"": null,
  ""calendar"": null
}","{
  ""business"": null,
  ""calendar"": null
}","{
  ""business"": null,
  ""calendar"": null
}","{
  ""business"": null,
  ""calendar"": null
}","{
  ""business"": null,
  ""calendar"": null
}","{
  ""business"": 0,
  ""calendar"": 0
}",1702454345267,1702456305664,,
19800328414359,7418521,2023-12-13 7:51:21,2023-12-13 7:51:21,1,0,0,0,,2023-12-13 7:51:21,2023-12-13 7:51:21,,,,2023-12-13 7:51:21,"{
  ""business"": null,
  ""calendar"": null
}","{
  ""business"": null,
  ""calendar"": null
}","{
  ""business"": null,
  ""calendar"": null
}","{
  ""business"": null,
  ""calendar"": null
}","{
  ""business"": null,
  ""calendar"": null
}","{
  ""business"": 0,
  ""calendar"": 0
}",1702454345262,1702456305664,,
19800320045847,7418520,2023-12-13 7:51:07,2023-12-13 7:51:07,1,0,0,0,,2023-12-13 7:51:06,2023-12-13 7:51:06,,,,2023-12-13 7:51:06,"{
  ""business"": null,
  ""calendar"": null
}","{
  ""business"": null,
  ""calendar"": null
}","{
  ""business"": null,
  ""calendar"": null
}","{
  ""business"": null,
  ""calendar"": null
}","{
  ""business"": null,
  ""calendar"": null
}","{
  ""business"": 0,
  ""calendar"": 0
}",1702454345265,1702456305664,,
19800354862999,7418519,2023-12-13 7:51:05,2023-12-13 7:51:09,1,1,0,0,,2023-12-13 7:51:05,2023-12-13 7:51:09,2023-12-13 7:51:09,2023-12-13 7:51:09,,2023-12-13 7:51:05,"{
  ""business"": null,
  ""calendar"": null
}","{
  ""business"": null,
  ""calendar"": null
}","{
  ""business"": null,
  ""calendar"": null
}","{
  ""business"": null,
  ""calendar"": null
}","{
  ""business"": 0,
  ""calendar"": 0
}","{
  ""business"": 0,
  ""calendar"": 0
}",1702454345258,1702456305664,,
19800284829207,7418518,2023-12-13 7:50:56,2023-12-13 7:50:56,1,0,0,0,,2023-12-13 7:50:56,2023-12-13 7:50:56,,,,2023-12-13 7:50:56,"{
  ""business"": null,
  ""calendar"": null
}","{
  ""business"": null,
  ""calendar"": null
}","{
  ""business"": null,
  ""calendar"": null
}","{
  ""business"": null,
  ""calendar"": null
}","{
  ""business"": null,
  ""calendar"": null
}","{
  ""business"": 0,
  ""calendar"": 0
}",1702454345271,1702456305664,,
19800293239575,7418517,2023-12-13 7:50:38,2023-12-13 7:51:02,1,1,0,0,,2023-12-13 7:50:38,2023-12-13 7:51:02,2023-12-13 7:51:02,2023-12-13 7:51:02,2023-12-13 7:51:02,2023-12-13 7:51:02,"{
  ""business"": null,
  ""calendar"": null
}","{
  ""business"": 0,
  ""calendar"": 0
}","{
  ""business"": 0,
  ""calendar"": 0
}","{
  ""business"": 0,
  ""calendar"": 0
}","{
  ""business"": 0,
  ""calendar"": 0
}","{
  ""business"": 0,
  ""calendar"": 0
}",1702454345268,1702456305664,,
19800307441047,7418516,2023-12-13 7:50:31,2023-12-13 7:50:31,1,0,0,0,,2023-12-13 7:50:30,2023-12-13 7:50:30,,,,2023-12-13 7:50:30,"{
  ""business"": null,
  ""calendar"": null
}","{
  ""business"": null,
  ""calendar"": null
}","{
  ""business"": null,
  ""calendar"": null
}","{
  ""business"": null,
  ""calendar"": null
}","{
  ""business"": null,
  ""calendar"": null
}","{
  ""business"": 0,
  ""calendar"": 0
}",1702454345266,1702456305664,,
19800291813399,7418515,2023-12-13 7:49:49,2023-12-13 7:49:49,1,0,0,0,,2023-12-13 7:49:49,2023-12-13 7:49:49,,,,2023-12-13 7:49:49,"{
  ""business"": null,
  ""calendar"": null
}","{
  ""business"": null,
  ""calendar"": null
}","{
  ""business"": null,
  ""calendar"": null
}","{
  ""business"": null,
  ""calendar"": null
}","{
  ""business"": null,
  ""calendar"": null
}","{
  ""business"": 0,
  ""calendar"": 0
}",1702454345269,1702456305664,,
19800260195223,7418514,2023-12-13 7:49:29,2023-12-13 7:49:29,1,0,0,0,,2023-12-13 7:49:29,2023-12-13 7:49:29,,,,2023-12-13 7:49:29,"{
  ""business"": null,
  ""calendar"": null
}","{
  ""business"": null,
  ""calendar"": null
}","{
  ""business"": null,
  ""calendar"": null
}","{
  ""business"": null,
  ""calendar"": null
}","{
  ""business"": null,
  ""calendar"": null
}","{
  ""business"": 0,
  ""calendar"": 0
}",1702454345277,1702456305664,,
19800281390487,7418513,2023-12-13 7:49:01,2023-12-13 7:49:01,1,0,0,0,,2023-12-13 7:49:01,2023-12-13 7:49:01,,,,2023-12-13 7:49:01,"{
  ""business"": null,
  ""calendar"": null
}","{
  ""business"": null,
  ""calendar"": null
}","{
  ""business"": null,
  ""calendar"": null
}","{
  ""business"": null,
  ""calendar"": null
}","{
  ""business"": null,
  ""calendar"": null
}","{
  ""business"": 0,
  ""calendar"": 0
}",1702454345271,1702456305664,,
19800272972567,7418512,2023-12-13 7:48:11,2023-12-13 7:48:11,1,0,0,0,,2023-12-13 7:48:11,2023-12-13 7:48:11,,,,2023-12-13 7:48:11,"{
  ""business"": null,
  ""calendar"": null
}","{
  ""business"": null,
  ""calendar"": null
}","{
  ""business"": null,
  ""calendar"": null
}","{
  ""business"": null,
  ""calendar"": null
}","{
  ""business"": null,
  ""calendar"": null
}","{
  ""business"": 0,
  ""calendar"": 0
}",1702454345272,1702456305664,,
19800272406423,7418511,2023-12-13 7:47:50,2023-12-13 7:57:01,1,1,0,1,2023-12-13 7:58:09,2023-12-13 7:47:50,2023-12-13 7:57:00,2023-12-13 7:48:14,2023-12-13 7:48:14,2023-12-13 7:57:00,2023-12-13 7:58:09,"{
  ""business"": 9,
  ""calendar"": 9
}","{
  ""business"": 9,
  ""calendar"": 9
}","{
  ""business"": 9,
  ""calendar"": 9
}","{
  ""business"": 0,
  ""calendar"": 0
}","{
  ""business"": 9,
  ""calendar"": 9
}","{
  ""business"": 0,
  ""calendar"": 0
}",1702454345273,1702456305664,,
19800288412311,7418509,2023-12-13 7:47:49,2023-12-13 7:47:49,1,0,0,0,,2023-12-13 7:47:49,2023-12-13 7:47:49,,,,2023-12-13 7:47:49,"{
  ""business"": null,
  ""calendar"": null
}","{
  ""business"": null,
  ""calendar"": null
}","{
  ""business"": null,
  ""calendar"": null
}","{
  ""business"": null,
  ""calendar"": null
}","{
  ""business"": null,
  ""calendar"": null
}","{
  ""business"": 0,
  ""calendar"": 0
}",1702454345270,1702456305664,,
19800263635095,7418510,2023-12-13 7:47:49,2023-12-13 7:47:49,1,0,0,0,,2023-12-13 7:47:49,2023-12-13 7:47:49,,,,2023-12-13 7:47:49,"{
  ""business"": null,
  ""calendar"": null
}","{
  ""business"": null,
  ""calendar"": null
}","{
  ""business"": null,
  ""calendar"": null
}","{
  ""business"": null,
  ""calendar"": null
}","{
  ""business"": null,
  ""calendar"": null
}","{
  ""business"": 0,
  ""calendar"": 0
}",1702454345275,1702456305664,,
19800271899159,7418508,2023-12-13 7:47:36,2023-12-13 7:47:36,1,0,0,0,,2023-12-13 7:47:36,2023-12-13 7:47:36,,,2023-12-13 7:47:36,2023-12-13 7:47:36,"{
  ""business"": null,
  ""calendar"": null
}","{
  ""business"": 0,
  ""calendar"": 0
}","{
  ""business"": 0,
  ""calendar"": 0
}","{
  ""business"": 0,
  ""calendar"": 0
}","{
  ""business"": 0,
  ""calendar"": 0
}","{
  ""business"": 0,
  ""calendar"": 0
}",1702454345274,1702456305664,,
19800263184791,7418507,2023-12-13 7:47:35,2023-12-13 7:50:34,1,1,0,0,2023-12-13 7:50:34,2023-12-13 7:47:35,2023-12-13 7:50:34,2023-12-13 7:47:42,2023-12-13 7:47:42,2023-12-13 7:50:34,2023-12-13 7:50:34,"{
  ""business"": null,
  ""calendar"": null
}","{
  ""business"": 3,
  ""calendar"": 3
}","{
  ""business"": 3,
  ""calendar"": 3
}","{
  ""business"": 0,
  ""calendar"": 0
}","{
  ""business"": 3,
  ""calendar"": 3
}","{
  ""business"": 0,
  ""calendar"": 0
}",1702454345276,1702456305664,,
19800256216727,7418506,2023-12-13 7:47:09,2023-12-13 7:47:09,1,1,0,0,,2023-12-13 7:47:08,2023-12-13 7:47:08,2023-12-13 7:47:08,2023-12-13 7:47:08,2023-12-13 7:47:08,2023-12-13 7:47:08,"{
  ""business"": null,
  ""calendar"": null
}","{
  ""business"": 0,
  ""calendar"": 0
}","{
  ""business"": 0,
  ""calendar"": 0
}","{
  ""business"": 0,
  ""calendar"": 0
}","{
  ""business"": 0,
  ""calendar"": 0
}","{
  ""business"": 0,
  ""calendar"": 0
}",1702454345278,1702456305664,,
19800226053655,7418505,2023-12-13 7:45:41,2023-12-13 7:45:41,1,1,0,0,,2023-12-13 7:45:41,2023-12-13 7:45:41,2023-12-13 7:45:41,2023-12-13 7:45:41,2023-12-13 7:45:41,2023-12-13 7:45:41,"{
  ""business"": null,
  ""calendar"": null
}","{
  ""business"": 0,
  ""calendar"": 0
}","{
  ""business"": 0,
  ""calendar"": 0
}","{
  ""business"": 0,
  ""calendar"": 0
}","{
  ""business"": 0,
  ""calendar"": 0
}","{
  ""business"": 0,
  ""calendar"": 0
}",1702454345282,1702456305664,,
19800217876375,7418504,2023-12-13 7:45:36,2023-12-13 7:45:36,1,0,0,0,,2023-12-13 7:45:35,2023-12-13 7:45:35,,,,2023-12-13 7:45:35,"{
  ""business"": null,
  ""calendar"": null
}","{
  ""business"": null,
  ""calendar"": null
}","{
  ""business"": null,
  ""calendar"": null
}","{
  ""business"": null,
  ""calendar"": null
}","{
  ""business"": null,
  ""calendar"": null
}","{
  ""business"": 0,
  ""calendar"": 0
}",1702454345285,1702456305664,,
19800225920023,7418503,2023-12-13 7:45:35,2023-12-13 7:45:35,1,0,0,0,,2023-12-13 7:45:35,2023-12-13 7:45:35,,,2023-12-13 7:45:35,2023-12-13 7:45:35,"{
  ""business"": null,
  ""calendar"": null
}","{
  ""business"": 0,
  ""calendar"": 0
}","{
  ""business"": 0,
  ""calendar"": 0
}","{
  ""business"": 0,
  ""calendar"": 0
}","{
  ""business"": 0,
  ""calendar"": 0
}","{
  ""business"": 0,
  ""calendar"": 0
}",1702454345283,1702456305664,,
19800225214999,7418502,2023-12-13 7:45:12,2023-12-13 7:45:38,1,1,0,0,,2023-12-13 7:45:13,2023-12-13 7:45:38,2023-12-13 7:45:38,2023-12-13 7:45:38,2023-12-13 7:45:38,2023-12-13 7:45:38,"{
  ""business"": null,
  ""calendar"": null
}","{
  ""business"": 0,
  ""calendar"": 0
}","{
  ""business"": 0,
  ""calendar"": 0
}","{
  ""business"": 0,
  ""calendar"": 0
}","{
  ""business"": 0,
  ""calendar"": 0
}","{
  ""business"": 0,
  ""calendar"": 0
}",1702454345284,1702456305664,,
19800233260055,7418501,2023-12-13 7:45:11,2023-12-13 7:45:11,1,0,0,0,,2023-12-13 7:45:11,2023-12-13 7:45:11,,,,2023-12-13 7:45:11,"{
  ""business"": null,
  ""calendar"": null
}","{
  ""business"": null,
  ""calendar"": null
}","{
  ""business"": null,
  ""calendar"": null
}","{
  ""business"": null,
  ""calendar"": null
}","{
  ""business"": null,
  ""calendar"": null
}","{
  ""business"": 0,
  ""calendar"": 0
}",1702454345280,1702456305664,,
19800239607447,7418500,2023-12-13 7:44:22,2023-12-13 7:44:22,1,1,0,0,2023-12-13 7:48:04,2023-12-13 7:44:22,2023-12-13 7:44:22,2023-12-13 7:44:22,2023-12-13 7:44:22,2023-12-13 7:44:22,2023-12-13 7:48:04,"{
  ""business"": null,
  ""calendar"": null
}","{
  ""business"": 0,
  ""calendar"": 0
}","{
  ""business"": 0,
  ""calendar"": 0
}","{
  ""business"": 0,
  ""calendar"": 0
}","{
  ""business"": 0,
  ""calendar"": 0
}","{
  ""business"": 0,
  ""calendar"": 0
}",1702454345279,1702456305664,,
19800228595351,7418498,2023-12-13 7:42:39,2023-12-13 7:42:39,1,0,0,0,,2023-12-13 7:42:39,2023-12-13 7:42:39,,,,2023-12-13 7:42:39,"{
  ""business"": null,
  ""calendar"": null
}","{
  ""business"": null,
  ""calendar"": null
}","{
  ""business"": null,
  ""calendar"": null
}","{
  ""business"": null,
  ""calendar"": null
}","{
  ""business"": null,
  ""calendar"": null
}","{
  ""business"": 0,
  ""calendar"": 0
}",1702454345280,1702456305664,,
19800197722775,7418499,2023-12-13 7:42:39,2023-12-13 7:42:39,1,0,0,0,,2023-12-13 7:42:39,2023-12-13 7:42:39,,,,2023-12-13 7:42:39,"{
  ""business"": null,
  ""calendar"": null
}","{
  ""business"": null,
  ""calendar"": null
}","{
  ""business"": null,
  ""calendar"": null
}","{
  ""business"": null,
  ""calendar"": null
}","{
  ""business"": null,
  ""calendar"": null
}","{
  ""business"": 0,
  ""calendar"": 0
}",1702454345291,1702456305664,,
19800211681175,7418497,2023-12-13 7:42:15,2023-12-13 7:42:15,1,0,0,0,,2023-12-13 7:42:15,2023-12-13 7:42:15,,,,2023-12-13 7:42:15,"{
  ""business"": null,
  ""calendar"": null
}","{
  ""business"": null,
  ""calendar"": null
}","{
  ""business"": null,
  ""calendar"": null
}","{
  ""business"": null,
  ""calendar"": null
}","{
  ""business"": null,
  ""calendar"": null
}","{
  ""business"": 0,
  ""calendar"": 0
}",1702454345286,1702456305664,,
19800196864535,7418496,2023-12-13 7:42:14,2023-12-13 7:42:31,1,1,0,0,,2023-12-13 7:42:14,2023-12-13 7:42:31,2023-12-13 7:42:31,2023-12-13 7:42:31,,2023-12-13 7:42:14,"{
  ""business"": null,
  ""calendar"": null
}","{
  ""business"": null,
  ""calendar"": null
}","{
  ""business"": null,
  ""calendar"": null
}","{
  ""business"": null,
  ""calendar"": null
}","{
  ""business"": 0,
  ""calendar"": 0
}","{
  ""business"": 0,
  ""calendar"": 0
}",1702454345292,1702456305664,,
19800227563415,7418495,2023-12-13 7:42:10,2023-12-13 7:42:10,1,0,0,0,,2023-12-13 7:42:09,2023-12-13 7:42:09,,,,2023-12-13 7:42:09,"{
  ""business"": null,
  ""calendar"": null
}","{
  ""business"": null,
  ""calendar"": null
}","{
  ""business"": null,
  ""calendar"": null
}","{
  ""business"": null,
  ""calendar"": null
}","{
  ""business"": null,
  ""calendar"": null
}","{
  ""business"": 0,
  ""calendar"": 0
}",1702454345281,1702456305664,,
19800210350359,7418494,2023-12-13 7:41:29,2023-12-13 7:41:29,1,0,0,0,,2023-12-13 7:41:29,2023-12-13 7:41:29,,,,2023-12-13 7:41:29,"{
  ""business"": null,
  ""calendar"": null
}","{
  ""business"": null,
  ""calendar"": null
}","{
  ""business"": null,
  ""calendar"": null
}","{
  ""business"": null,
  ""calendar"": null
}","{
  ""business"": null,
  ""calendar"": null
}","{
  ""business"": 0,
  ""calendar"": 0
}",1702454345286,1702456305664,,
19800176715287,7418493,2023-12-13 7:41:25,2023-12-13 7:41:25,1,0,0,0,,2023-12-13 7:41:25,2023-12-13 7:41:25,,,,2023-12-13 7:41:25,"{
  ""business"": null,
  ""calendar"": null
}","{
  ""business"": null,
  ""calendar"": null
}","{
  ""business"": null,
  ""calendar"": null
}","{
  ""business"": null,
  ""calendar"": null
}","{
  ""business"": null,
  ""calendar"": null
}","{
  ""business"": 0,
  ""calendar"": 0
}",1702454345296,1702456305664,,
19800205992471,7418492,2023-12-13 7:40:48,2023-12-13 7:41:01,1,1,0,0,,2023-12-13 7:40:47,2023-12-13 7:41:01,2023-12-13 7:41:01,2023-12-13 7:41:01,,2023-12-13 7:40:47,"{
  ""business"": null,
  ""calendar"": null
}","{
  ""business"": null,
  ""calendar"": null
}","{
  ""business"": null,
  ""calendar"": null
}","{
  ""business"": null,
  ""calendar"": null
}","{
  ""business"": 0,
  ""calendar"": 0
}","{
  ""business"": 0,
  ""calendar"": 0
}",1702454345287,1702456305664,"{
  ""calendar"": null
}",
19800182760343,7418491,2023-12-13 7:40:39,2023-12-13 7:40:39,1,0,0,0,,2023-12-13 7:40:39,2023-12-13 7:40:39,,,,2023-12-13 7:40:39,"{
  ""business"": null,
  ""calendar"": null
}","{
  ""business"": null,
  ""calendar"": null
}","{
  ""business"": null,
  ""calendar"": null
}","{
  ""business"": null,
  ""calendar"": null
}","{
  ""business"": null,
  ""calendar"": null
}","{
  ""business"": 0,
  ""calendar"": 0
}",1702454345293,1702456305664,,
19800205678103,7418490,2023-12-13 7:40:38,2023-12-13 7:40:38,1,0,0,0,,2023-12-13 7:40:38,2023-12-13 7:40:38,,,,2023-12-13 7:40:38,"{
  ""business"": null,
  ""calendar"": null
}","{
  ""business"": null,
  ""calendar"": null
}","{
  ""business"": null,
  ""calendar"": null
}","{
  ""business"": null,
  ""calendar"": null
}","{
  ""business"": null,
  ""calendar"": null
}","{
  ""business"": 0,
  ""calendar"": 0
}",1702454345288,1702456305664,,
19800204472087,7418489,2023-12-13 7:39:57,2023-12-13 7:58:35,1,1,0,1,2023-12-13 7:52:42,2023-12-13 7:48:24,2023-12-13 7:40:05,2023-12-13 7:40:05,2023-12-13 7:40:05,,2023-12-13 7:58:35,"{
  ""business"": 1,
  ""calendar"": 1
}","{
  ""business"": null,
  ""calendar"": null
}","{
  ""business"": null,
  ""calendar"": null
}","{
  ""business"": null,
  ""calendar"": null
}","{
  ""business"": 0,
  ""calendar"": 0
}","{
  ""business"": 0,
  ""calendar"": 0
}",1702454345289,1702456305664,"{
  ""calendar"": 45
}",
19800159282967,7418488,2023-12-13 7:39:46,2023-12-13 7:48:43,1,1,0,0,2023-12-13 7:48:43,2023-12-13 7:39:46,2023-12-13 7:48:43,2023-12-13 7:48:43,2023-12-13 7:48:43,2023-12-13 7:48:43,2023-12-13 7:48:43,"{
  ""business"": null,
  ""calendar"": null
}","{
  ""business"": 9,
  ""calendar"": 9
}","{
  ""business"": 9,
  ""calendar"": 9
}","{
  ""business"": 0,
  ""calendar"": 0
}","{
  ""business"": 9,
  ""calendar"": 9
}","{
  ""business"": 0,
  ""calendar"": 0
}",1702454345298,1702456305664,,
19800159071383,7418487,2023-12-13 7:39:38,2023-12-13 7:48:20,1,1,0,0,2023-12-13 7:48:20,2023-12-13 7:39:38,2023-12-13 7:48:20,2023-12-13 7:39:48,2023-12-13 7:39:48,2023-12-13 7:48:20,2023-12-13 7:48:20,"{
  ""business"": null,
  ""calendar"": null
}","{
  ""business"": 9,
  ""calendar"": 9
}","{
  ""business"": 9,
  ""calendar"": 9
}","{
  ""business"": 0,
  ""calendar"": 0
}","{
  ""business"": 9,
  ""calendar"": 9
}","{
  ""business"": 0,
  ""calendar"": 0
}",1702454345299,1702456305664,,
19800203757719,7418486,2023-12-13 7:39:29,2023-12-13 7:39:29,1,0,0,0,,2023-12-13 7:39:29,2023-12-13 7:39:29,,,,2023-12-13 7:39:29,"{
  ""business"": null,
  ""calendar"": null
}","{
  ""business"": null,
  ""calendar"": null
}","{
  ""business"": null,
  ""calendar"": null
}","{
  ""business"": null,
  ""calendar"": null
}","{
  ""business"": null,
  ""calendar"": null
}","{
  ""business"": 0,
  ""calendar"": 0
}",1702454345290,1702456305664,,
19800164031639,7418485,2023-12-13 7:39:08,2023-12-13 7:39:08,1,0,0,0,,2023-12-13 7:39:08,2023-12-13 7:39:08,,,,2023-12-13 7:39:08,"{
  ""business"": null,
  ""calendar"": null
}","{
  ""business"": null,
  ""calendar"": null
}","{
  ""business"": null,
  ""calendar"": null
}","{
  ""business"": null,
  ""calendar"": null
}","{
  ""business"": null,
  ""calendar"": null
}","{
  ""business"": 0,
  ""calendar"": 0
}",1702454345297,1702456305664,,
19800202766359,7418484,2023-12-13 7:38:56,2023-12-13 7:38:56,1,0,0,0,,2023-12-13 7:38:56,2023-12-13 7:38:56,,,,2023-12-13 7:38:56,"{
  ""business"": null,
  ""calendar"": null
}","{
  ""business"": null,
  ""calendar"": null
}","{
  ""business"": null,
  ""calendar"": null
}","{
  ""business"": null,
  ""calendar"": null
}","{
  ""business"": null,
  ""calendar"": null
}","{
  ""business"": 0,
  ""calendar"": 0
}",1702454345291,1702456305664,,
19800156270103,7418483,2023-12-13 7:38:11,2023-12-13 7:38:11,1,0,0,0,,2023-12-13 7:38:11,2023-12-13 7:38:11,,,,2023-12-13 7:38:11,"{
  ""business"": null,
  ""calendar"": null
}","{
  ""business"": null,
  ""calendar"": null
}","{
  ""business"": null,
  ""calendar"": null
}","{
  ""business"": null,
  ""calendar"": null
}","{
  ""business"": null,
  ""calendar"": null
}","{
  ""business"": 0,
  ""calendar"": 0
}",1702454345300,1702456305664,,
19800178265495,7418482,2023-12-13 7:38:06,2023-12-13 7:38:06,1,0,0,0,,2023-12-13 7:38:06,2023-12-13 7:38:06,,,,2023-12-13 7:38:12,"{
  ""business"": null,
  ""calendar"": null
}","{
  ""business"": null,
  ""calendar"": null
}","{
  ""business"": null,
  ""calendar"": null
}","{
  ""business"": null,
  ""calendar"": null
}","{
  ""business"": null,
  ""calendar"": null
}","{
  ""business"": 0,
  ""calendar"": 0
}",1702454345294,1702456305664,,
19800155996823,7418481,2023-12-13 7:38:01,2023-12-13 7:38:01,1,0,0,0,,2023-12-13 7:38:01,2023-12-13 7:38:01,,,,2023-12-13 7:38:01,"{
  ""business"": null,
  ""calendar"": null
}","{
  ""business"": null,
  ""calendar"": null
}","{
  ""business"": null,
  ""calendar"": null
}","{
  ""business"": null,
  ""calendar"": null
}","{
  ""business"": null,
  ""calendar"": null
}","{
  ""business"": 0,
  ""calendar"": 0
}",1702454345301,1702456305664,,
19800177736215,7418480,2023-12-13 7:37:48,2023-12-13 7:37:48,1,0,0,0,,2023-12-13 7:37:48,2023-12-13 7:37:48,,,,2023-12-13 7:37:48,"{
  ""business"": null,
  ""calendar"": null
}","{
  ""business"": null,
  ""calendar"": null
}","{
  ""business"": null,
  ""calendar"": null
}","{
  ""business"": null,
  ""calendar"": null
}","{
  ""business"": null,
  ""calendar"": null
}","{
  ""business"": 0,
  ""calendar"": 0
}",1702454345295,1702456305664,,
19800155457943,7418479,2023-12-13 7:37:43,2023-12-13 7:37:43,1,1,0,0,2023-12-13 7:58:03,2023-12-13 7:37:43,2023-12-13 7:37:43,2023-12-13 7:37:43,2023-12-13 7:37:43,,2023-12-13 7:58:03,"{
  ""business"": null,
  ""calendar"": null
}","{
  ""business"": null,
  ""calendar"": null
}","{
  ""business"": null,
  ""calendar"": null
}","{
  ""business"": null,
  ""calendar"": null
}","{
  ""business"": null,
  ""calendar"": null
}","{
  ""business"": 0,
  ""calendar"": 0
}",1702454345302,1702456305664,,
19800150082711,7418478,2023-12-13 7:37:38,2023-12-13 7:55:42,1,1,0,1,2023-12-13 7:56:07,2023-12-13 7:37:38,2023-12-13 7:55:42,2023-12-13 7:37:51,2023-12-13 7:37:51,2023-12-13 7:55:42,2023-12-13 7:56:07,"{
  ""business"": 18,
  ""calendar"": 18
}","{
  ""business"": 18,
  ""calendar"": 18
}","{
  ""business"": 18,
  ""calendar"": 18
}","{
  ""business"": 0,
  ""calendar"": 0
}","{
  ""business"": 18,
  ""calendar"": 18
}","{
  ""business"": 0,
  ""calendar"": 0
}",1702454345303,1702456305664,,
19800177158423,7418477,2023-12-13 7:37:28,2023-12-13 7:39:48,1,1,1,1,2023-12-13 7:39:48,2023-12-13 7:37:28,2023-12-13 7:39:48,2023-12-13 7:37:32,2023-12-13 7:37:32,,2023-12-13 7:39:48,"{
  ""business"": 2,
  ""calendar"": 2
}","{
  ""business"": 2,
  ""calendar"": 2
}","{
  ""business"": null,
  ""calendar"": null
}","{
  ""business"": 0,
  ""calendar"": 0
}","{
  ""business"": 2,
  ""calendar"": 2
}","{
  ""business"": 0,
  ""calendar"": 0
}",1702454345296,1702456305664,,
19800149220375,7418476,2023-12-13 7:37:07,2023-12-13 7:37:33,1,1,0,0,,2023-12-13 7:37:09,2023-12-13 7:37:32,2023-12-13 7:37:32,2023-12-13 7:37:32,2023-12-13 7:37:32,2023-12-13 7:37:32,"{
  ""business"": null,
  ""calendar"": null
}","{
  ""business"": 0,
  ""calendar"": 0
}","{
  ""business"": 0,
  ""calendar"": 0
}","{
  ""business"": 0,
  ""calendar"": 0
}","{
  ""business"": 0,
  ""calendar"": 0
}","{
  ""business"": 0,
  ""calendar"": 0
}",1702454345304,1702456305664,,
19800148099607,7418475,2023-12-13 7:36:30,2023-12-13 7:36:30,1,0,0,0,,2023-12-13 7:36:30,2023-12-13 7:36:30,,,,2023-12-13 7:36:30,"{
  ""business"": null,
  ""calendar"": null
}","{
  ""business"": null,
  ""calendar"": null
}","{
  ""business"": null,
  ""calendar"": null
}","{
  ""business"": null,
  ""calendar"": null
}","{
  ""business"": null,
  ""calendar"": null
}","{
  ""business"": 0,
  ""calendar"": 0
}",1702454345304,1702456305664,,
19800098679447,7418474,2023-12-13 7:34:16,2023-12-13 7:34:16,1,0,0,0,,2023-12-13 7:34:16,2023-12-13 7:34:16,,,,2023-12-13 7:34:16,"{
  ""business"": null,
  ""calendar"": null
}","{
  ""business"": null,
  ""calendar"": null
}","{
  ""business"": null,
  ""calendar"": null
}","{
  ""business"": null,
  ""calendar"": null
}","{
  ""business"": null,
  ""calendar"": null
}","{
  ""business"": 0,
  ""calendar"": 0
}",1702454345311,1702456305664,,
19800108269719,7418473,2023-12-13 7:33:16,2023-12-13 7:35:39,1,1,0,0,2023-12-13 7:35:38,2023-12-13 7:33:15,2023-12-13 7:35:38,2023-12-13 7:35:38,2023-12-13 7:35:38,2023-12-13 7:35:38,2023-12-13 7:35:38,"{
  ""business"": null,
  ""calendar"": null
}","{
  ""business"": 2,
  ""calendar"": 2
}","{
  ""business"": 2,
  ""calendar"": 2
}","{
  ""business"": 0,
  ""calendar"": 0
}","{
  ""business"": 2,
  ""calendar"": 2
}","{
  ""business"": 0,
  ""calendar"": 0
}",1702454345309,1702456305664,,
19800134967831,7418472,2023-12-13 7:32:54,2023-12-13 7:32:54,1,1,0,0,2023-12-13 7:32:55,2023-12-13 7:32:54,2023-12-13 7:32:54,2023-12-13 7:32:54,2023-12-13 7:32:54,2023-12-13 7:32:54,2023-12-13 7:32:54,"{
  ""business"": null,
  ""calendar"": null
}","{
  ""business"": 0,
  ""calendar"": 0
}","{
  ""business"": 0,
  ""calendar"": 0
}","{
  ""business"": 0,
  ""calendar"": 0
}","{
  ""business"": 0,
  ""calendar"": 0
}","{
  ""business"": 0,
  ""calendar"": 0
}",1702454345305,1702456305664,,
19800095886615,7418471,2023-12-13 7:32:53,2023-12-13 7:32:53,1,1,0,0,2023-12-13 7:32:54,2023-12-13 7:32:52,2023-12-13 7:32:52,2023-12-13 7:32:52,2023-12-13 7:32:52,2023-12-13 7:32:52,2023-12-13 7:32:52,"{
  ""business"": null,
  ""calendar"": null
}","{
  ""business"": 0,
  ""calendar"": 0
}","{
  ""business"": 0,
  ""calendar"": 0
}","{
  ""business"": 0,
  ""calendar"": 0
}","{
  ""business"": 0,
  ""calendar"": 0
}","{
  ""business"": 0,
  ""calendar"": 0
}",1702454345312,1702456305664,,
19800110813463,7418470,2023-12-13 7:32:51,2023-12-13 7:34:12,1,1,0,1,2023-12-13 7:36:08,2023-12-13 7:32:51,2023-12-13 7:34:12,2023-12-13 7:33:10,2023-12-13 7:33:10,2023-12-13 7:34:12,2023-12-13 7:36:08,"{
  ""business"": 1,
  ""calendar"": 1
}","{
  ""business"": 1,
  ""calendar"": 1
}","{
  ""business"": 1,
  ""calendar"": 1
}","{
  ""business"": 0,
  ""calendar"": 0
}","{
  ""business"": 1,
  ""calendar"": 1
}","{
  ""business"": 0,
  ""calendar"": 0
}",1702454345306,1702456305664,,
19800110789399,7418469,2023-12-13 7:32:50,2023-12-13 7:39:35,1,1,0,0,2023-12-13 7:39:35,2023-12-13 7:32:50,2023-12-13 7:39:35,2023-12-13 7:33:00,2023-12-13 7:33:00,2023-12-13 7:39:35,2023-12-13 7:39:35,"{
  ""business"": null,
  ""calendar"": null
}","{
  ""business"": 7,
  ""calendar"": 7
}","{
  ""business"": 7,
  ""calendar"": 7
}","{
  ""business"": 0,
  ""calendar"": 0
}","{
  ""business"": 7,
  ""calendar"": 7
}","{
  ""business"": 0,
  ""calendar"": 0
}",1702454345308,1702456305664,,
19800110025879,7418468,2023-12-13 7:32:27,2023-12-13 7:32:27,1,0,0,0,,2023-12-13 7:32:26,2023-12-13 7:32:26,,,2023-12-13 7:32:26,2023-12-13 7:32:26,"{
  ""business"": null,
  ""calendar"": null
}","{
  ""business"": 0,
  ""calendar"": 0
}","{
  ""business"": 0,
  ""calendar"": 0
}","{
  ""business"": 0,
  ""calendar"": 0
}","{
  ""business"": 0,
  ""calendar"": 0
}","{
  ""business"": 0,
  ""calendar"": 0
}",1702454345308,1702456305664,,
19800093838359,7418467,2023-12-13 7:31:51,2023-12-13 7:31:51,1,0,0,0,,2023-12-13 7:31:50,2023-12-13 7:31:50,,,,2023-12-13 7:31:50,"{
  ""business"": null,
  ""calendar"": null
}","{
  ""business"": null,
  ""calendar"": null
}","{
  ""business"": null,
  ""calendar"": null
}","{
  ""business"": null,
  ""calendar"": null
}","{
  ""business"": null,
  ""calendar"": null
}","{
  ""business"": 0,
  ""calendar"": 0
}",1702454345313,1702456305664,,
19800088928535,7418466,2023-12-13 7:31:13,2023-12-13 7:31:13,1,1,0,0,,2023-12-13 7:31:13,2023-12-13 7:31:13,2023-12-13 7:31:13,2023-12-13 7:31:13,2023-12-13 7:31:13,2023-12-13 7:31:13,"{
  ""business"": null,
  ""calendar"": null
}","{
  ""business"": 0,
  ""calendar"": 0
}","{
  ""business"": 0,
  ""calendar"": 0
}","{
  ""business"": 0,
  ""calendar"": 0
}","{
  ""business"": 0,
  ""calendar"": 0
}","{
  ""business"": 0,
  ""calendar"": 0
}",1702454345314,1702456305664,,
19800079261847,7418464,2023-12-13 7:30:49,2023-12-13 7:31:14,1,1,0,0,,2023-12-13 7:30:51,2023-12-13 7:31:14,2023-12-13 7:31:14,2023-12-13 7:31:14,2023-12-13 7:31:14,2023-12-13 7:31:14,"{
  ""business"": null,
  ""calendar"": null
}","{
  ""business"": 0,
  ""calendar"": 0
}","{
  ""business"": 0,
  ""calendar"": 0
}","{
  ""business"": 0,
  ""calendar"": 0
}","{
  ""business"": 0,
  ""calendar"": 0
}","{
  ""business"": 0,
  ""calendar"": 0
}",1702454345316,1702456305664,,
19800102224535,7418465,2023-12-13 7:30:49,2023-12-13 7:30:49,1,0,0,0,,2023-12-13 7:30:49,2023-12-13 7:30:49,,,,2023-12-13 7:30:49,"{
  ""business"": null,
  ""calendar"": null
}","{
  ""business"": null,
  ""calendar"": null
}","{
  ""business"": null,
  ""calendar"": null
}","{
  ""business"": null,
  ""calendar"": null
}","{
  ""business"": null,
  ""calendar"": null
}","{
  ""business"": 0,
  ""calendar"": 0
}",1702454345310,1702456305664,,
19800071515287,7418463,2023-12-13 7:30:39,2023-12-13 7:31:37,1,1,0,0,2023-12-13 7:31:37,2023-12-13 7:30:39,2023-12-13 7:31:37,2023-12-13 7:30:50,2023-12-13 7:30:50,2023-12-13 7:31:37,2023-12-13 7:31:37,"{
  ""business"": null,
  ""calendar"": null
}","{
  ""business"": 1,
  ""calendar"": 1
}","{
  ""business"": 1,
  ""calendar"": 1
}","{
  ""business"": 0,
  ""calendar"": 0
}","{
  ""business"": 1,
  ""calendar"": 1
}","{
  ""business"": 0,
  ""calendar"": 0
}",1702454345317,1702456305664,,
19800071364119,7418462,2023-12-13 7:30:36,2023-12-13 7:30:36,1,1,0,0,2023-12-13 7:30:36,2023-12-13 7:30:36,2023-12-13 7:30:36,2023-12-13 7:30:36,2023-12-13 7:30:36,,2023-12-13 7:30:36,"{
  ""business"": null,
  ""calendar"": null
}","{
  ""business"": null,
  ""calendar"": null
}","{
  ""business"": null,
  ""calendar"": null
}","{
  ""business"": null,
  ""calendar"": null
}","{
  ""business"": null,
  ""calendar"": null
}","{
  ""business"": 0,
  ""calendar"": 0
}",1702454345318,1702456305664,,
19800086331287,7418461,2023-12-13 7:30:26,2023-12-13 7:30:26,1,0,0,0,,2023-12-13 7:30:26,2023-12-13 7:30:26,,,,2023-12-13 7:30:26,"{
  ""business"": null,
  ""calendar"": null
}","{
  ""business"": null,
  ""calendar"": null
}","{
  ""business"": null,
  ""calendar"": null
}","{
  ""business"": null,
  ""calendar"": null
}","{
  ""business"": null,
  ""calendar"": null
}","{
  ""business"": 0,
  ""calendar"": 0
}",1702454345314,1702456305664,,
19800061624087,7418460,2023-12-13 7:30:19,2023-12-13 7:30:19,1,1,0,0,2023-12-13 7:30:22,2023-12-13 7:30:19,2023-12-13 7:30:19,2023-12-13 7:30:19,2023-12-13 7:30:19,2023-12-13 7:30:19,2023-12-13 7:30:19,"{
  ""business"": null,
  ""calendar"": null
}","{
  ""business"": 0,
  ""calendar"": 0
}","{
  ""business"": 0,
  ""calendar"": 0
}","{
  ""business"": 0,
  ""calendar"": 0
}","{
  ""business"": 0,
  ""calendar"": 0
}","{
  ""business"": 0,
  ""calendar"": 0
}",1702454345319,1702456305664,,
19800085614871,7418459,2023-12-13 7:30:14,2023-12-13 7:30:14,1,1,0,0,2023-12-13 7:32:30,2023-12-13 7:30:13,2023-12-13 7:30:13,2023-12-13 7:30:13,2023-12-13 7:30:13,2023-12-13 7:30:13,2023-12-13 7:32:30,"{
  ""business"": null,
  ""calendar"": null
}","{
  ""business"": 0,
  ""calendar"": 0
}","{
  ""business"": 0,
  ""calendar"": 0
}","{
  ""business"": 0,
  ""calendar"": 0
}","{
  ""business"": 0,
  ""calendar"": 0
}","{
  ""business"": 0,
  ""calendar"": 0
}",1702454345315,1702456305664,,
19800037505943,7418458,2023-12-13 7:29:59,2023-12-13 7:43:16,1,1,0,0,2023-12-13 7:43:16,2023-12-13 7:29:58,2023-12-13 7:43:16,2023-12-13 7:43:16,2023-12-13 7:43:16,,2023-12-13 7:29:58,"{
  ""business"": null,
  ""calendar"": null
}","{
  ""business"": null,
  ""calendar"": null
}","{
  ""business"": null,
  ""calendar"": null
}","{
  ""business"": null,
  ""calendar"": null
}","{
  ""business"": 13,
  ""calendar"": 13
}","{
  ""business"": 0,
  ""calendar"": 0
}",1702454345321,1702456305664,,
19800030537495,7418457,2023-12-13 7:28:57,2023-12-13 7:28:57,1,0,0,0,,2023-12-13 7:28:57,2023-12-13 7:28:57,,,2023-12-13 7:28:57,2023-12-13 7:28:57,"{
  ""business"": null,
  ""calendar"": null
}","{
  ""business"": 0,
  ""calendar"": 0
}","{
  ""business"": 0,
  ""calendar"": 0
}","{
  ""business"": 0,
  ""calendar"": 0
}","{
  ""business"": 0,
  ""calendar"": 0
}","{
  ""business"": 0,
  ""calendar"": 0
}",1702454345322,1702456305664,,
19800023555479,7418456,2023-12-13 7:28:34,2023-12-13 7:29:00,1,1,0,0,,2023-12-13 7:28:36,2023-12-13 7:29:00,2023-12-13 7:29:00,2023-12-13 7:29:00,2023-12-13 7:29:00,2023-12-13 7:29:00,"{
  ""business"": null,
  ""calendar"": null
}","{
  ""business"": 0,
  ""calendar"": 0
}","{
  ""business"": 0,
  ""calendar"": 0
}","{
  ""business"": 0,
  ""calendar"": 0
}","{
  ""business"": 0,
  ""calendar"": 0
}","{
  ""business"": 0,
  ""calendar"": 0
}",1702454345324,1702456305664,,
19799997848983,7418455,2023-12-13 7:27:34,2023-12-13 7:36:26,1,1,0,0,2023-12-13 7:36:25,2023-12-13 7:27:34,2023-12-13 7:36:25,2023-12-13 7:36:25,2023-12-13 7:36:25,2023-12-13 7:36:25,2023-12-13 7:36:25,"{
  ""business"": null,
  ""calendar"": null
}","{
  ""business"": 9,
  ""calendar"": 9
}","{
  ""business"": 9,
  ""calendar"": 9
}","{
  ""business"": 0,
  ""calendar"": 0
}","{
  ""business"": 9,
  ""calendar"": 9
}","{
  ""business"": 0,
  ""calendar"": 0
}",1702454345325,1702456305664,,
19799982657175,7418454,2023-12-13 7:27:33,2023-12-13 7:36:47,1,1,0,0,2023-12-13 7:36:47,2023-12-13 7:27:32,2023-12-13 7:36:47,2023-12-13 7:36:47,2023-12-13 7:36:47,2023-12-13 7:36:47,2023-12-13 7:36:47,"{
  ""business"": null,
  ""calendar"": null
}","{
  ""business"": 9,
  ""calendar"": 9
}","{
  ""business"": 9,
  ""calendar"": 9
}","{
  ""business"": 0,
  ""calendar"": 0
}","{
  ""business"": 9,
  ""calendar"": 9
}","{
  ""business"": 0,
  ""calendar"": 0
}",1702454345327,1702456305664,,
19800055716759,7418453,2023-12-13 7:27:13,2023-12-13 7:40:56,1,2,0,1,2023-12-13 7:41:08,2023-12-13 7:27:13,2023-12-13 7:40:56,2023-12-13 7:27:13,2023-12-13 7:40:56,2023-12-13 7:40:56,2023-12-13 7:41:08,"{
  ""business"": 14,
  ""calendar"": 14
}","{
  ""business"": 14,
  ""calendar"": 14
}","{
  ""business"": 14,
  ""calendar"": 14
}","{
  ""business"": 0,
  ""calendar"": 0
}","{
  ""business"": 14,
  ""calendar"": 14
}","{
  ""business"": 0,
  ""calendar"": 0
}",1702454355239,1702456305664,,
19799996663959,7418452,2023-12-13 7:26:58,2023-12-13 7:26:58,1,0,0,0,,2023-12-13 7:26:58,2023-12-13 7:26:58,,,,2023-12-13 7:26:58,"{
  ""business"": null,
  ""calendar"": null
}","{
  ""business"": null,
  ""calendar"": null
}","{
  ""business"": null,
  ""calendar"": null
}","{
  ""business"": null,
  ""calendar"": null
}","{
  ""business"": null,
  ""calendar"": null
}","{
  ""business"": 0,
  ""calendar"": 0
}",1702454355245,1702456305664,,
19800026514967,7418451,2023-12-13 7:26:56,2023-12-13 7:57:41,1,1,0,0,,2023-12-13 7:26:56,2023-12-13 7:26:56,2023-12-13 7:57:41,2023-12-13 7:57:41,,2023-12-13 7:27:01,"{
  ""business"": null,
  ""calendar"": null
}","{
  ""business"": null,
  ""calendar"": null
}","{
  ""business"": null,
  ""calendar"": null
}","{
  ""business"": null,
  ""calendar"": null
}","{
  ""business"": null,
  ""calendar"": null
}","{
  ""business"": 0,
  ""calendar"": 0
}",1702454355242,1702456305664,,